PriceChangeID,ProductID,ProductName,ChangeDate,OldPrice,NewPrice,ChangePercent,VolumeImpactPercent,RecoveryDays,ProfitMarginChangePercent,Notes
PCH00001,PROD377,Borosil Casserole Dish,2025-05-04,535.08,577.89,8,-2.4,8,9.9,"Volume dipped 2.4% initially, recovered within 8 days; margin improved 9.9%"
PCH00002,PROD017,Philips Air Fryer 2.2L,2025-05-07,6980.89,7260.13,4,-3.5,8,8.7,"Volume dipped 3.5% initially, recovered within 8 days; margin improved 8.7%"
PCH00003,PROD017,Philips Air Fryer 2.2L,2025-05-27,7260.13,7623.14,5,-5.7,11,4.4,"Volume dipped 5.7% initially, recovered within 11 days; margin improved 4.4%"
PCH00004,PROD366,Hawkins Stainless Steel Pan 3L,2025-05-13,1319.01,1358.58,3,-3.2,11,7.7,"Volume dipped 3.2% initially, recovered within 11 days; margin improved 7.7%"
PCH00005,PROD083,Cello Water Bottle 1L,2025-05-08,141.85,150.36,6,-4.5,10,4.1,"Volume dipped 4.5% initially, recovered within 10 days; margin improved 4.1%"
PCH00006,PROD108,Wonderchef Tawa 28cm,2025-04-24,885.16,973.68,10,-5.6,12,5.0,"Volume dipped 5.6% initially, recovered within 12 days; margin improved 5.0%"
PCH00007,PROD108,Wonderchef Tawa 28cm,2025-06-06,973.68,1022.36,5,-3.0,7,5.1,"Volume dipped 3.0% initially, recovered within 7 days; margin improved 5.1%"
PCH00008,PROD108,Wonderchef Tawa 28cm,2025-06-27,1022.36,1083.7,6,-5.3,8,4.4,"Volume dipped 5.3% initially, recovered within 8 days; margin improved 4.4%"
PCH00009,PROD218,Borosil Casserole Dish,2025-05-16,522.51,564.31,8,-4.8,14,9.9,"Volume dipped 4.8% initially, recovered within 14 days; margin improved 9.9%"
PCH00010,PROD397,Wonderchef Tawa 28cm,2025-05-06,819.14,876.47,7,-5.1,8,6.0,"Volume dipped 5.1% initially, recovered within 8 days; margin improved 6.0%"
PCH00011,PROD057,Global Desi Palazzo Set,2025-05-04,1032.63,1084.26,5,-2.8,12,7.0,"Volume dipped 2.8% initially, recovered within 12 days; margin improved 7.0%"
PCH00012,PROD251,Allen Solly Polo Tee,2025-05-03,1139.38,1196.35,5,-1.1,6,5.0,"Volume dipped 1.1% initially, recovered within 6 days; margin improved 5.0%"
PCH00013,PROD251,Allen Solly Polo Tee,2025-06-14,1196.35,1268.13,6,-1.0,6,7.3,"Volume dipped 1.0% initially, recovered within 6 days; margin improved 7.3%"
PCH00014,PROD041,Peter England Formal Shirt,2025-05-09,1172.88,1254.98,7,-2.6,14,4.7,"Volume dipped 2.6% initially, recovered within 14 days; margin improved 4.7%"
PCH00015,PROD041,Peter England Formal Shirt,2025-06-19,1254.98,1305.18,4,-4.1,10,6.1,"Volume dipped 4.1% initially, recovered within 10 days; margin improved 6.1%"
PCH00016,PROD041,Peter England Formal Shirt,2025-07-28,1305.18,1370.44,5,-2.2,7,4.4,"Volume dipped 2.2% initially, recovered within 7 days; margin improved 4.4%"
PCH00017,PROD326,Meyer Glass Storage Set,2025-05-02,1113.24,1157.77,4,-4.4,13,9.4,"Volume dipped 4.4% initially, recovered within 13 days; margin improved 9.4%"
PCH00018,PROD232,Fabindia Cotton Saree,2025-04-26,2493.96,2693.48,8,-4.0,10,6.9,"Volume dipped 4.0% initially, recovered within 10 days; margin improved 6.9%"
PCH00019,PROD368,Global Desi Palazzo Set,2025-04-28,1008.36,1048.7,4,-3.8,12,8.8,"Volume dipped 3.8% initially, recovered within 12 days; margin improved 8.8%"
PCH00020,PROD368,Global Desi Palazzo Set,2025-06-11,1048.7,1132.6,8,-3.4,9,4.3,"Volume dipped 3.4% initially, recovered within 9 days; margin improved 4.3%"
PCH00021,PROD124,Prestige Chopper,2025-04-22,412.13,436.86,6,-2.2,11,4.4,"Volume dipped 2.2% initially, recovered within 11 days; margin improved 4.4%"
PCH00022,PROD124,Prestige Chopper,2025-05-22,436.86,471.81,8,-5.5,7,8.5,"Volume dipped 5.5% initially, recovered within 7 days; margin improved 8.5%"
PCH00023,PROD128,Allen Solly Polo Tee,2025-04-25,1025.93,1108.0,8,-3.6,12,4.2,"Volume dipped 3.6% initially, recovered within 12 days; margin improved 4.2%"
PCH00024,PROD128,Allen Solly Polo Tee,2025-05-21,1108.0,1218.8,10,-2.8,7,9.3,"Volume dipped 2.8% initially, recovered within 7 days; margin improved 9.3%"
PCH00025,PROD067,Global Desi Palazzo Set,2025-05-06,1020.0,1091.4,7,-5.5,12,5.8,"Volume dipped 5.5% initially, recovered within 12 days; margin improved 5.8%"
PCH00026,PROD067,Global Desi Palazzo Set,2025-06-12,1091.4,1167.8,7,-2.4,5,6.3,"Volume dipped 2.4% initially, recovered within 5 days; margin improved 6.3%"
PCH00027,PROD067,Global Desi Palazzo Set,2025-07-06,1167.8,1261.22,8,-1.1,14,6.0,"Volume dipped 1.1% initially, recovered within 14 days; margin improved 6.0%"
PCH00028,PROD038,Whirlpool Microwave 20L,2025-05-09,6078.59,6443.31,6,-2.3,11,8.5,"Volume dipped 2.3% initially, recovered within 11 days; margin improved 8.5%"
PCH00029,PROD191,Prestige Sandwich Maker,2025-04-24,1079.19,1143.94,6,-1.5,5,7.9,"Volume dipped 1.5% initially, recovered within 5 days; margin improved 7.9%"
PCH00030,PROD303,Allen Solly Polo Tee,2025-04-24,1028.63,1110.92,8,-2.4,9,7.2,"Volume dipped 2.4% initially, recovered within 9 days; margin improved 7.2%"
PCH00031,PROD305,Kissan Tomato Ketchup 1kg (Pack of 3),2025-04-28,354.96,379.81,7,-1.8,7,9.1,"Volume dipped 1.8% initially, recovered within 7 days; margin improved 9.1%"
PCH00032,PROD305,Kissan Tomato Ketchup 1kg (Pack of 3),2025-05-24,379.81,410.19,8,-4.7,5,7.6,"Volume dipped 4.7% initially, recovered within 5 days; margin improved 7.6%"
PCH00033,PROD103,Louis Philippe Chinos,2025-05-15,1687.3,1737.92,3,-5.0,5,6.3,"Volume dipped 5.0% initially, recovered within 5 days; margin improved 6.3%"
PCH00034,PROD103,Louis Philippe Chinos,2025-06-06,1737.92,1842.2,6,-4.8,7,9.1,"Volume dipped 4.8% initially, recovered within 7 days; margin improved 9.1%"
PCH00035,PROD103,Louis Philippe Chinos,2025-07-03,1842.2,1934.31,5,-5.8,14,5.9,"Volume dipped 5.8% initially, recovered within 14 days; margin improved 5.9%"
PCH00036,PROD145,Prestige Sandwich Maker,2025-04-25,1093.09,1147.74,5,-4.6,9,8.9,"Volume dipped 4.6% initially, recovered within 9 days; margin improved 8.9%"
PCH00037,PROD016,Borosil Casserole Dish,2025-05-09,539.4,555.59,3,-3.7,5,7.0,"Volume dipped 3.7% initially, recovered within 5 days; margin improved 7.0%"
PCH00038,PROD016,Borosil Casserole Dish,2025-06-21,555.59,583.37,5,-5.8,9,5.7,"Volume dipped 5.8% initially, recovered within 9 days; margin improved 5.7%"
PCH00039,PROD016,Borosil Casserole Dish,2025-07-30,583.37,624.21,7,-4.8,8,4.4,"Volume dipped 4.8% initially, recovered within 8 days; margin improved 4.4%"
PCH00040,PROD127,Philips Air Fryer 2.2L,2025-05-02,7107.64,7320.86,3,-2.6,11,4.6,"Volume dipped 2.6% initially, recovered within 11 days; margin improved 4.6%"
PCH00041,PROD127,Philips Air Fryer 2.2L,2025-05-24,7320.86,7906.53,8,-1.4,12,7.0,"Volume dipped 1.4% initially, recovered within 12 days; margin improved 7.0%"
PCH00042,PROD074,Wonderchef Tawa 28cm,2025-05-13,872.09,924.42,6,-3.4,13,6.3,"Volume dipped 3.4% initially, recovered within 13 days; margin improved 6.3%"
PCH00043,PROD131,Allen Solly Polo Tee,2025-04-21,1028.44,1059.3,3,-4.3,5,5.5,"Volume dipped 4.3% initially, recovered within 5 days; margin improved 5.5%"
PCH00044,PROD131,Allen Solly Polo Tee,2025-06-02,1059.3,1133.45,7,-5.1,11,6.7,"Volume dipped 5.1% initially, recovered within 11 days; margin improved 6.7%"
PCH00045,PROD360,Prestige Chopper,2025-05-01,400.45,424.48,6,-2.1,6,4.2,"Volume dipped 2.1% initially, recovered within 6 days; margin improved 4.2%"
PCH00046,PROD212,Parle-G Biscuits 400g (Pack of 3),2025-05-13,128.13,137.1,7,-5.5,12,7.8,"Volume dipped 5.5% initially, recovered within 12 days; margin improved 7.8%"
PCH00047,PROD289,Maggi Masala Noodles 2-min (Pack of 1),2025-05-10,12.84,13.86,8,-5.1,9,5.5,"Volume dipped 5.1% initially, recovered within 9 days; margin improved 5.5%"
PCH00048,PROD289,Maggi Masala Noodles 2-min (Pack of 1),2025-06-14,13.86,14.69,6,-2.5,11,8.9,"Volume dipped 2.5% initially, recovered within 11 days; margin improved 8.9%"
PCH00049,PROD289,Maggi Masala Noodles 2-min (Pack of 1),2025-07-26,14.69,15.13,3,-1.8,8,5.9,"Volume dipped 1.8% initially, recovered within 8 days; margin improved 5.9%"
PCH00050,PROD025,Tomato 1kg (Pack of 1),2025-04-23,55.3,59.17,7,-1.9,13,5.8,"Volume dipped 1.9% initially, recovered within 13 days; margin improved 5.8%"
PCH00051,PROD025,Tomato 1kg (Pack of 1),2025-05-25,59.17,63.9,8,-4.7,6,9.9,"Volume dipped 4.7% initially, recovered within 6 days; margin improved 9.9%"
PCH00052,PROD383,Prestige Pressure Cooker 5L,2025-04-27,1932.83,2087.46,8,-2.7,14,8.1,"Volume dipped 2.7% initially, recovered within 14 days; margin improved 8.1%"
PCH00053,PROD190,Prestige Pressure Cooker 5L,2025-04-21,1802.22,1892.33,5,-3.6,7,9.4,"Volume dipped 3.6% initially, recovered within 7 days; margin improved 9.4%"
PCH00054,PROD190,Prestige Pressure Cooker 5L,2025-05-27,1892.33,1968.02,4,-2.2,9,8.3,"Volume dipped 2.2% initially, recovered within 9 days; margin improved 8.3%"
PCH00055,PROD365,Tomato 1kg (Pack of 3),2025-05-05,161.44,171.12,6,-3.2,14,8.0,"Volume dipped 3.2% initially, recovered within 14 days; margin improved 8.0%"
PCH00056,PROD219,Borosil Casserole Dish,2025-05-03,520.46,556.89,7,-2.4,8,9.9,"Volume dipped 2.4% initially, recovered within 8 days; margin improved 9.9%"
PCH00057,PROD219,Borosil Casserole Dish,2025-05-29,556.89,573.6,3,-2.8,10,4.1,"Volume dipped 2.8% initially, recovered within 10 days; margin improved 4.1%"
PCH00058,PROD219,Borosil Casserole Dish,2025-07-04,573.6,613.75,7,-1.2,14,6.6,"Volume dipped 1.2% initially, recovered within 14 days; margin improved 6.6%"
PCH00059,PROD084,Whirlpool Microwave 20L,2025-04-21,5681.15,6078.83,7,-1.7,9,5.1,"Volume dipped 1.7% initially, recovered within 9 days; margin improved 5.1%"
PCH00060,PROD084,Whirlpool Microwave 20L,2025-05-22,6078.83,6261.19,3,-2.9,7,7.4,"Volume dipped 2.9% initially, recovered within 7 days; margin improved 7.4%"
PCH00061,PROD249,Borosil Casserole Dish,2025-04-22,541.76,568.85,5,-1.9,11,9.3,"Volume dipped 1.9% initially, recovered within 11 days; margin improved 9.3%"
PCH00062,PROD249,Borosil Casserole Dish,2025-05-19,568.85,591.6,4,-3.9,14,9.6,"Volume dipped 3.9% initially, recovered within 14 days; margin improved 9.6%"
PCH00063,PROD138,LG Frost Free Refrigerator 260L,2025-04-23,23812.65,24527.03,3,-3.2,8,4.9,"Volume dipped 3.2% initially, recovered within 8 days; margin improved 4.9%"
PCH00064,PROD113,Prestige Sandwich Maker,2025-05-10,1164.4,1245.91,7,-4.1,12,8.1,"Volume dipped 4.1% initially, recovered within 12 days; margin improved 8.1%"
PCH00065,PROD113,Prestige Sandwich Maker,2025-06-20,1245.91,1308.21,5,-1.8,7,6.1,"Volume dipped 1.8% initially, recovered within 7 days; margin improved 6.1%"
PCH00066,PROD222,Bosch Dishwasher 12 Place,2025-04-21,38387.88,42226.67,10,-1.4,6,5.1,"Volume dipped 1.4% initially, recovered within 6 days; margin improved 5.1%"
PCH00067,PROD222,Bosch Dishwasher 12 Place,2025-05-14,42226.67,45604.8,8,-5.1,10,5.6,"Volume dipped 5.1% initially, recovered within 10 days; margin improved 5.6%"
PCH00068,PROD137,Inalsa Food Processor,2025-05-09,3897.94,4131.82,6,-2.4,11,4.9,"Volume dipped 2.4% initially, recovered within 11 days; margin improved 4.9%"
PCH00069,PROD314,Meyer Glass Storage Set,2025-05-02,1047.92,1121.28,7,-2.3,8,8.1,"Volume dipped 2.3% initially, recovered within 8 days; margin improved 8.1%"
PCH00070,PROD032,Tomato 1kg (Pack of 1),2025-05-04,56.72,58.43,3,-2.6,8,5.3,"Volume dipped 2.6% initially, recovered within 8 days; margin improved 5.3%"
PCH00071,PROD032,Tomato 1kg (Pack of 1),2025-05-25,58.43,63.1,8,-2.8,13,7.8,"Volume dipped 2.8% initially, recovered within 13 days; margin improved 7.8%"
PCH00072,PROD032,Tomato 1kg (Pack of 1),2025-07-04,63.1,65.62,4,-1.1,10,7.0,"Volume dipped 1.1% initially, recovered within 10 days; margin improved 7.0%"
PCH00073,PROD231,Organic Bananas 1kg (Pack of 1),2025-05-05,74.91,82.4,10,-1.1,9,8.1,"Volume dipped 1.1% initially, recovered within 9 days; margin improved 8.1%"
PCH00074,PROD082,Samsung Front Load Washer 7kg,2025-05-11,29378.96,31435.48,7,-3.7,6,9.8,"Volume dipped 3.7% initially, recovered within 6 days; margin improved 9.8%"
PCH00075,PROD384,Global Desi Palazzo Set,2025-05-05,958.12,1034.77,8,-5.0,5,9.5,"Volume dipped 5.0% initially, recovered within 5 days; margin improved 9.5%"
PCH00076,PROD384,Global Desi Palazzo Set,2025-05-30,1034.77,1107.2,7,-2.3,5,8.5,"Volume dipped 2.3% initially, recovered within 5 days; margin improved 8.5%"
PCH00077,PROD311,Wonderchef Tawa 28cm,2025-04-26,878.61,940.11,7,-3.5,11,5.2,"Volume dipped 3.5% initially, recovered within 11 days; margin improved 5.2%"
PCH00078,PROD311,Wonderchef Tawa 28cm,2025-06-01,940.11,1005.92,7,-2.4,12,8.4,"Volume dipped 2.4% initially, recovered within 12 days; margin improved 8.4%"
PCH00079,PROD311,Wonderchef Tawa 28cm,2025-07-02,1005.92,1036.1,3,-2.2,14,5.1,"Volume dipped 2.2% initially, recovered within 14 days; margin improved 5.1%"
PCH00080,PROD192,Biba Embroidered Kurti,2025-05-02,1375.78,1472.08,7,-1.7,5,9.5,"Volume dipped 1.7% initially, recovered within 5 days; margin improved 9.5%"
PCH00081,PROD192,Biba Embroidered Kurti,2025-06-09,1472.08,1619.29,10,-1.1,8,8.5,"Volume dipped 1.1% initially, recovered within 8 days; margin improved 8.5%"
PCH00082,PROD192,Biba Embroidered Kurti,2025-07-05,1619.29,1732.64,7,-3.6,13,5.8,"Volume dipped 3.6% initially, recovered within 13 days; margin improved 5.8%"
PCH00083,PROD260,Van Heusen Blazer,2025-05-04,3933.02,4208.33,7,-4.2,12,8.5,"Volume dipped 4.2% initially, recovered within 12 days; margin improved 8.5%"
PCH00084,PROD117,Peter England Formal Shirt,2025-04-26,1132.59,1200.54,6,-5.1,8,6.9,"Volume dipped 5.1% initially, recovered within 8 days; margin improved 6.9%"
PCH00085,PROD117,Peter England Formal Shirt,2025-05-24,1200.54,1236.56,3,-3.7,12,5.2,"Volume dipped 3.7% initially, recovered within 12 days; margin improved 5.2%"
PCH00086,PROD117,Peter England Formal Shirt,2025-07-08,1236.56,1360.22,10,-2.7,12,8.8,"Volume dipped 2.7% initially, recovered within 12 days; margin improved 8.8%"
PCH00087,PROD062,Louis Philippe Chinos,2025-04-28,1555.09,1617.29,4,-2.9,11,4.2,"Volume dipped 2.9% initially, recovered within 11 days; margin improved 4.2%"
PCH00088,PROD062,Louis Philippe Chinos,2025-06-11,1617.29,1746.67,8,-5.3,9,7.5,"Volume dipped 5.3% initially, recovered within 9 days; margin improved 7.5%"
PCH00089,PROD062,Louis Philippe Chinos,2025-07-15,1746.67,1816.54,4,-3.4,13,8.9,"Volume dipped 3.4% initially, recovered within 13 days; margin improved 8.9%"
PCH00090,PROD135,Wonderchef Tawa 28cm,2025-04-21,871.42,914.99,5,-5.6,7,7.0,"Volume dipped 5.6% initially, recovered within 7 days; margin improved 7.0%"
PCH00091,PROD135,Wonderchef Tawa 28cm,2025-05-25,914.99,960.74,5,-2.9,12,7.6,"Volume dipped 2.9% initially, recovered within 12 days; margin improved 7.6%"
PCH00092,PROD158,Cello Water Bottle 1L,2025-04-29,128.56,141.42,10,-1.5,9,8.4,"Volume dipped 1.5% initially, recovered within 9 days; margin improved 8.4%"
PCH00093,PROD158,Cello Water Bottle 1L,2025-06-02,141.42,155.56,10,-1.6,8,7.6,"Volume dipped 1.6% initially, recovered within 8 days; margin improved 7.6%"
PCH00094,PROD158,Cello Water Bottle 1L,2025-07-02,155.56,171.12,10,-1.4,9,5.5,"Volume dipped 1.4% initially, recovered within 9 days; margin improved 5.5%"
PCH00095,PROD320,Maggi Masala Noodles 2-min (Pack of 1),2025-04-29,12.1,12.47,3,-4.4,9,7.9,"Volume dipped 4.4% initially, recovered within 9 days; margin improved 7.9%"
PCH00096,PROD147,LG Frost Free Refrigerator 260L,2025-05-06,22638.1,24901.91,10,-4.6,8,4.2,"Volume dipped 4.6% initially, recovered within 8 days; margin improved 4.2%"
PCH00097,PROD147,LG Frost Free Refrigerator 260L,2025-06-05,24901.91,26894.06,8,-3.6,5,5.2,"Volume dipped 3.6% initially, recovered within 5 days; margin improved 5.2%"
PCH00098,PROD147,LG Frost Free Refrigerator 260L,2025-06-29,26894.06,28238.76,5,-1.3,11,4.4,"Volume dipped 1.3% initially, recovered within 11 days; margin improved 4.4%"
PCH00099,PROD028,Wonderchef Tawa 28cm,2025-04-21,869.71,939.28,8,-2.2,12,6.9,"Volume dipped 2.2% initially, recovered within 12 days; margin improved 6.9%"
PCH00100,PROD028,Wonderchef Tawa 28cm,2025-05-28,939.28,1005.03,7,-2.9,5,7.8,"Volume dipped 2.9% initially, recovered within 5 days; margin improved 7.8%"
PCH00101,PROD028,Wonderchef Tawa 28cm,2025-06-28,1005.03,1045.23,4,-2.7,12,7.8,"Volume dipped 2.7% initially, recovered within 12 days; margin improved 7.8%"
PCH00102,PROD379,Prestige Pressure Cooker 5L,2025-05-09,1935.99,2013.43,4,-3.2,8,4.1,"Volume dipped 3.2% initially, recovered within 8 days; margin improved 4.1%"
PCH00103,PROD379,Prestige Pressure Cooker 5L,2025-06-18,2013.43,2134.24,6,-5.2,14,9.4,"Volume dipped 5.2% initially, recovered within 14 days; margin improved 9.4%"
PCH00104,PROD056,Biba Embroidered Kurti,2025-05-06,1288.02,1339.54,4,-1.8,9,6.0,"Volume dipped 1.8% initially, recovered within 9 days; margin improved 6.0%"
PCH00105,PROD056,Biba Embroidered Kurti,2025-06-05,1339.54,1406.52,5,-2.1,5,6.7,"Volume dipped 2.1% initially, recovered within 5 days; margin improved 6.7%"
PCH00106,PROD056,Biba Embroidered Kurti,2025-07-01,1406.52,1462.78,4,-1.1,7,9.1,"Volume dipped 1.1% initially, recovered within 7 days; margin improved 9.1%"
PCH00107,PROD345,Wonderchef Tawa 28cm,2025-04-26,859.83,920.02,7,-4.2,11,4.7,"Volume dipped 4.2% initially, recovered within 11 days; margin improved 4.7%"
PCH00108,PROD156,Biba Embroidered Kurti,2025-05-13,1305.47,1357.69,4,-3.7,6,8.7,"Volume dipped 3.7% initially, recovered within 6 days; margin improved 8.7%"
PCH00109,PROD334,Global Desi Palazzo Set,2025-04-24,1000.93,1040.97,4,-2.0,14,8.7,"Volume dipped 2.0% initially, recovered within 14 days; margin improved 8.7%"
